id,username,password,created_at,email
71,amitheki,neW1loSS&ky9&,2020-08-15T18:47:13Z,avolant0@ucsd.edu
94,cecilthe,boY7foDO&Bg7&,2020-04-05T20:49:02Z,cgadesby1@amazon.co.uk
57,brooksth,bjH1ec8q&9y9&,2020-03-23T02:26:33Z,bstuckey2@bing.com
41,tommieth,ciI6hqlx&1s1&,2020-07-22T11:13:02Z,tducaen3@tinyurl.com
44,saschath,tlQ2mwNH&xp5&,2020-02-03T16:06:30Z,skalf4@answers.com
97,nedtheki,nrQ8fqwS&Ig5&,2020-07-01T23:22:57Z,noiseau5@china.com.cn
67,candieth,uiV8mo7E&Lq8&,2020-02-08T21:45:02Z,cstirrip6@java.com
80,christian,hvN4oe62&Qf4&,2019-10-28T18:23:47Z,ctrenouth7@drupal.org
87,caronthe,qpU7wlie&dz6&,2020-01-02T18:08:45Z,cjestico8@baidu.com
42,nonnahth,tbI5vfQa&qs0&,2020-06-25T06:59:50Z,nberthomier9@house.gov
45,sheelaht,azG3uoqm&id9&,2020-07-17T20:12:16Z,sjennya@digg.com
63,tatumthe,zrK8trKA&Hp2&,2020-01-22T17:19:37Z,tdeaconb@imgur.com
97,amaleeth,hjH5yqYr&je8&,2020-09-07T20:10:19Z,atedderc@gizmodo.com
81,aubertat,raW2vxbl&Kn9&,2020-04-19T16:14:42Z,avilesd@naver.com
5,stewartt,vaH7ajO9&3c7&,2020-02-15T02:08:27Z,sgowdye@odnoklassniki.ru
72,hansonth,trB1vhh4&Di0&,2019-10-13T00:51:38Z,hocurneenf@pinterest.com
84,suzannet,dnW6rwJW&6j4&,2020-06-05T16:49:11Z,spietranekg@uol.com.br
2,eleenthe,tkD1jeuL&dw3&,2020-05-06T04:08:30Z,enewlandsh@youtube.com
92,elliottt,okC5ndiM&hi9&,2020-06-06T12:57:40Z,eattenbroughi@alibaba.com
69,rubinthe,enA0cxdV&vh6&,2020-02-24T03:59:23Z,rstreaterj@tiny.cc
38,waltonth,doA2ag9Q&bb2&,2020-06-18T08:28:06Z,wjacquemek@cbc.ca
96,keeferth,brI9dclY&jq0&,2020-03-11T00:22:08Z,kcalluml@theatlantic.com
25,lizbetht,prH7odBw&Bb2&,2020-01-14T06:02:32Z,ldictusm@shinystat.com
5,hannisth,ykK4sf1D&Cv2&,2020-09-08T04:25:43Z,hbrewittn@acquirethisname.com
71,erekthek,fzH2gfzV&Do3&,2020-02-08T00:02:30Z,edoughartyo@opera.com
15,sofiethe,jzK4prgq&sa7&,2020-03-23T00:27:19Z,stownshendp@vinaora.com
22,marcille,fcV7dkxZ&Vm6&,2020-06-01T08:37:52Z,mspykingsq@lycos.com
93,oreleeth,nkW8tqaX&Xo7&,2020-07-24T02:04:05Z,ocoetzeer@addtoany.com
68,issythek,kaR8aozJ&Wf2&,2019-10-28T03:46:48Z,iquillinanes@wsj.com
3,rodrigot,fbF6tueH&Lr9&,2020-04-07T23:03:39Z,rchallenort@1und1.de
80,sonnythe,spE4elqr&uf4&,2020-03-30T02:10:30Z,sposseu@cam.ac.uk
2,pennithe,evG0vbaD&Cd9&,2020-09-18T21:00:12Z,pvernallv@foxnews.com
17,brigitte,eyY6zrNW&Sv8&,2020-03-26T18:52:31Z,brojahnw@reference.com
67,lutherth,xhT1amDp&bm3&,2020-09-21T09:27:45Z,lanstissx@slate.com
68,elspetht,xpS6gyxX&Ri7&,2020-02-29T10:05:31Z,emartiniy@slideshare.net
82,klausthe,ukC9saZv&Bb3&,2019-11-10T23:42:01Z,knicholz@youku.com
13,henryetta,fsW9vs5f&Qs7&,2020-08-09T13:18:07Z,hcopyn10@parallels.com
19,kasparth,atV0axmZ&kv4&,2020-05-13T14:15:10Z,kwhymark11@cdbaby.com
36,aeriellt,msN2dlJl&Xf7&,2019-12-10T22:29:42Z,acufflin12@google.com.hk
66,edenthek,nlQ5pjLC&nz5&,2020-07-31T20:46:52Z,egilliard13@wired.com
46,moorethe,oqL2hiwu&go8&,2020-05-09T23:56:22Z,msatterfitt14@chron.com
24,georgiet,cvJ9dtWb&bk0&,2019-10-21T12:02:41Z,grouke15@rakuten.co.jp
75,darbthek,diS3yxum&Pn9&,2020-07-25T23:59:39Z,dmoodycliffe16@tinypic.com
45,nanannet,xuV8nl8P&vi7&,2020-05-03T04:32:52Z,nchipperfield17@biglobe.ne.jp
75,aratheki,avT4pcfQ&Xb3&,2019-10-10T14:27:50Z,adominey18@statcounter.com
2,roarketh,haT1sy9p&3l6&,2019-11-25T19:23:11Z,rtorra19@bloomberg.com
54,sebastian,mtM3fhtw&kp8&,2019-11-01T14:04:20Z,sgearing1a@sbwire.com
11,ilysethe,drN5bgwn&4j9&,2020-09-28T05:11:32Z,iarmiger1b@tinypic.com
79,dellythe,mbN6glTl&ja0&,2020-05-16T22:41:44Z,dthame1c@hud.gov
65,feodorth,bxD9fthX&tc3&,2020-04-30T11:13:59Z,faguirrezabal1d@sitemeter.com
88,floriant,svY1geiD&bf3&,2020-08-20T09:13:56Z,fhaig1e@vinaora.com
42,gerrithe,avE3pr1c&8o0&,2019-10-09T11:36:33Z,gbacon1f@sohu.com
28,caroleth,uaU3cfLX&Ve0&,2020-03-24T00:08:24Z,ckasbye1g@miitbeian.gov.cn
8,franchot,piO6yiDe&vo9&,2019-12-09T18:04:31Z,fkinchington1h@aol.com
49,stormthe,vcM4hrkb&sv7&,2020-02-09T00:07:47Z,sgodfroy1i@moonfruit.com
38,ursolath,pfK7kmDr&Ut6&,2020-07-24T16:44:24Z,usissel1j@cbc.ca
14,rogeriot,gqE9sbw3&rm3&,2020-04-21T12:48:53Z,rwakerley1k@businessweek.com
57,antonetta,wnO2zzoN&Zm2&,2019-11-28T04:26:19Z,avasiltsov1l@redcross.org
92,livvyyth,dlQ3whqS&os6&,2020-08-23T06:32:03Z,lwarham1m@boston.com
56,reggythe,xaY3onsF&zr2&,2019-10-31T04:47:54Z,rcoy1n@unc.edu
57,livvythe,qfG1azld&iy2&,2020-06-02T09:02:56Z,lthursfield1o@newyorker.com
15,ferdinande,ntK3jcQ9&Td2&,2020-01-20T10:02:29Z,fantoniou1p@nature.com
11,deberath,psK3bjLs&Ee6&,2020-04-21T18:30:53Z,dzimmermanns1q@boston.com
38,cosettat,bdD0ipSa&2r2&,2019-12-10T14:22:08Z,ctweedie1r@joomla.org
15,chickyth,arA4yps6&dn4&,2020-02-22T12:19:24Z,csmithen1s@webeden.co.uk
76,williamt,wwF3ujvY&Zn3&,2020-05-23T03:27:24Z,wgascoyen1t@blog.com
100,daynathe,siC9evNX&Uu2&,2020-01-07T06:46:34Z,dsaywood1u@theguardian.com
62,jefferey,soH8iuIq&mq7&,2020-09-22T10:42:18Z,jaicken1v@dropbox.com
91,erniethe,jjJ9fgY8&tk8&,2019-10-07T10:40:49Z,eibell1w@vinaora.com
65,brandtrt,ynD7riAF&gp6&,2020-01-09T20:19:25Z,bgallamore1x@shutterfly.com
38,friedrick,boY0jgqL&Ex8&,2020-05-18T04:18:45Z,fsheldon1y@yellowpages.com
60,sandethe,xzO1is1k&Cx2&,2019-11-30T19:16:41Z,scornwall1z@nytimes.com
33,claretta,iqG6vmaC&Ba4&,2019-10-18T22:18:05Z,classen20@cpanel.net
87,wolfythe,boJ5cpNy&De1&,2020-08-15T21:07:39Z,wwhooley21@guardian.co.uk
71,shaylaht,hqO9zwBS&tn4&,2020-02-10T07:40:18Z,spalomba22@bandcamp.com
58,merrythe,hkA4tqvn&Sp9&,2020-02-20T05:30:28Z,mhens23@usatoday.com
36,sellethe,cxG9oyA6&Eg2&,2020-08-25T13:18:57Z,skoubek24@google.co.jp
27,chickiet,kfD6hirZ&dz2&,2020-04-16T20:50:33Z,creilingen25@discuz.net
63,lottieth,hxW4vu5L&0z4&,2020-04-12T10:35:41Z,lalywen26@prnewswire.com
18,corbettt,sfZ9xmh1&1q0&,2020-07-22T17:29:58Z,cglynne27@ox.ac.uk
81,gustheki,stL4giYK&wq7&,2020-08-09T01:36:00Z,giianon28@feedburner.com
27,babbette,jzZ1zqol&nz7&,2020-05-18T12:18:46Z,bkofax29@jugem.jp
83,fultonth,vkA0sdot&9i4&,2020-07-25T18:38:38Z,fklimshuk2a@joomla.org
79,axthekin,ywI2izbl&Bm7&,2020-07-28T21:35:32Z,askirvane2b@prweb.com
27,mortimer,kxF6hg9Q&Ac6&,2019-10-10T19:42:10Z,makett2c@cornell.edu
3,marnieth,gxR0svh0&Ap7&,2020-08-26T22:35:25Z,mnulty2d@paypal.com
17,forrestt,yqX1mxj4&Aq0&,2019-11-27T13:23:08Z,flogue2e@alexa.com
42,clerissa,kwA7aqos&Bx2&,2020-02-08T17:00:40Z,cbodle2f@netvibes.com
4,annethek,rxC3kuj0&vc6&,2020-04-28T07:09:02Z,apietersen2g@theglobeandmail.com
26,cymbreth,caJ4ybT2&Qs3&,2020-03-07T04:18:19Z,cmacillrick2h@aol.com
8,townthek,tnM8dv8Q&Eg5&,2020-07-18T22:38:53Z,tbiever2i@buzzfeed.com
85,rayethek,xmU4axzS&vu9&,2019-11-05T13:15:02Z,rhallatt2j@nymag.com
93,keefethe,swW6riYW&xw0&,2020-06-13T19:33:07Z,kbartod2k@wp.com
70,franthek,yrS4ad3z&Jl0&,2020-05-28T16:12:27Z,fegginson2l@baidu.com
19,sharline,lzF9ygce&sl4&,2020-01-21T19:10:10Z,sgillbe2m@is.gd
1,laureeth,jeA9ynBQ&mw7&,2019-10-23T00:08:58Z,lmorby2n@java.com
57,fitzgerald,tdR7xmk2&kh9&,2019-11-09T01:10:58Z,fmccurt2o@dyndns.org
100,abrahant,lmQ8fbQ1&kp6&,2020-03-22T14:31:07Z,aebbetts2p@cocolog-nifty.com
95,noakthek,lpJ6enEo&Jw0&,2020-09-15T02:08:51Z,nchavrin2q@zimbio.com
34,claretat,atS9muJP&oh7&,2020-07-22T23:51:46Z,cblick2r@kickstarter.com
